{"loss": [3.1351821422576904, 1.9885550737380981, 1.3674421310424805, 1.0229356288909912, 0.8127878308296204, 0.6917092204093933, 0.5769052505493164, 0.5213761925697327, 0.4389176666736603, 0.378182977437973, 0.34900203347206116, 0.2970264256000519, 0.2548326551914215, 0.27159562706947327, 0.23147642612457275, 0.21093502640724182, 0.19391371309757233, 0.1959969848394394, 0.17151328921318054, 0.1643248349428177, 0.17514468729496002, 0.12854881584644318, 0.12385588139295578, 0.13574235141277313, 0.11658883094787598, 0.1224333792924881, 0.10542991012334824, 0.08781284838914871, 0.09358486533164978, 0.09363038837909698, 0.07894133776426315, 0.08462917059659958, 0.08698641508817673, 0.08669333159923553, 0.07279909402132034, 0.08998686075210571, 0.08242113888263702, 0.06493905931711197, 0.07450368255376816, 0.0805158019065857, 0.06383074074983597, 0.06833580136299133, 0.060964737087488174, 0.06061280146241188, 0.05608181655406952, 0.0609041191637516, 0.05428251251578331, 0.05905809625983238, 0.042466264218091965, 0.05857526510953903, 0.039587076753377914, 0.051680803298950195, 0.04703627899289131, 0.05623163655400276, 0.0453268326818943, 0.05293486267328262, 0.045401543378829956, 0.043376240879297256, 0.041511330753564835, 0.044619522988796234, 0.033900197595357895, 0.04468417540192604, 0.04486088454723358, 0.035342805087566376, 0.04009052738547325, 0.044330157339572906, 0.033168207854032516, 0.0382535383105278, 0.03397251293063164, 0.03127819672226906, 0.030364036560058594, 0.02916143275797367, 0.04108520224690437, 0.03429282456636429, 0.03407309949398041, 0.04482075199484825, 0.024256329983472824, 0.02585958130657673, 0.0297678355127573, 0.030231334269046783], "accuracy": [0.20441408455371857, 0.47503942251205444, 0.6032580137252808, 0.6904886960983276, 0.7477666735649109, 0.7929584980010986, 0.8208092451095581, 0.8292170166969299, 0.857593297958374, 0.8801891803741455, 0.8875460028648376, 0.9117183685302734, 0.9248554706573486, 0.9122438430786133, 0.9232790470123291, 0.9327377676963806, 0.9406200647354126, 0.9427220225334167, 0.9485023617744446, 0.9437729716300964, 0.9453494548797607, 0.9621649980545044, 0.9553337097167969, 0.9537572264671326, 0.9621649980545044, 0.9590120911598206, 0.9695218205451965, 0.9700472950935364, 0.9695218205451965, 0.9695218205451965, 0.9732002019882202, 0.9684708118438721, 0.9742512106895447, 0.9716237783432007, 0.9742512106895447, 0.9695218205451965, 0.9721492528915405, 0.9779295921325684, 0.9747766852378845, 0.9695218205451965, 0.9795060157775879, 0.978980541229248, 0.976353108882904, 0.9826589822769165, 0.9821334481239319, 0.9784550666809082, 0.9810824990272522, 0.981607973575592, 0.984235405921936, 0.9810824990272522, 0.989490270614624, 0.9821334481239319, 0.98686283826828, 0.9831844568252563, 0.9858118891716003, 0.9837099313735962, 0.984235405921936, 0.9863373637199402, 0.9884393215179443, 0.9831844568252563, 0.9884393215179443, 0.9847608804702759, 0.9847608804702759, 0.9873883128166199, 0.9873883128166199, 0.9863373637199402, 0.9858118891716003, 0.9873883128166199, 0.9879138469696045, 0.9889647960662842, 0.989490270614624, 0.9900157451629639, 0.9863373637199402, 0.9852864146232605, 0.9879138469696045, 0.984235405921936, 0.992117702960968, 0.9915922284126282, 0.9884393215179443, 0.989490270614624], "val_loss": [2.2712581157684326, 1.2503348588943481, 0.8446835875511169, 0.6225412487983704, 0.45172277092933655, 0.45470988750457764, 0.3350587487220764, 0.3470170497894287, 0.2707936465740204, 0.19340740144252777, 0.21956905722618103, 0.21966834366321564, 0.175755575299263, 0.14527234435081482, 0.16219604015350342, 0.13299107551574707, 0.13427849113941193, 0.11222943663597107, 0.11064694076776505, 0.1218564361333847, 0.134611114859581, 0.11491904407739639, 0.0970061868429184, 0.09211620688438416, 0.06428151577711105, 0.09187006205320358, 0.06889485567808151, 0.09539057314395905, 0.10234107822179794, 0.09205728024244308, 0.06899138540029526, 0.07401490211486816, 0.0910806879401207, 0.07087813317775726, 0.1104595810174942, 0.0785251036286354, 0.07116943597793579, 0.08321382105350494, 0.06412722170352936, 0.060730189085006714, 0.07194671779870987, 0.06751231849193573, 0.05864551663398743, 0.058289770036935806, 0.06358227133750916, 0.07390628755092621, 0.05250803753733635, 0.058204565197229385, 0.058138761669397354, 0.06842093914747238, 0.06562033295631409, 0.08477969467639923, 0.07787731289863586, 0.07938411086797714, 0.08625851571559906, 0.06650986522436142, 0.05801309645175934, 0.06797570735216141, 0.06242923066020012, 0.058349475264549255, 0.06151849031448364, 0.06387146562337875, 0.05455971136689186, 0.05889027565717697, 0.06287781149148941, 0.051737189292907715, 0.04976098611950874, 0.06168583780527115, 0.05346307530999184, 0.045193906873464584, 0.05398749187588692, 0.05363934487104416, 0.047508105635643005, 0.05897747725248337, 0.04131578654050827, 0.04961135983467102, 0.049049507826566696, 0.06838889420032501, 0.04593171551823616, 0.04500097036361694], "val_accuracy": [0.4585152864456177, 0.6091703176498413, 0.7772925496101379, 0.8296943306922913, 0.8864628672599792, 0.8580785989761353, 0.9104803204536438, 0.8973799347877502, 0.9148471355438232, 0.9497816562652588, 0.9344978332519531, 0.9388646483421326, 0.943231463432312, 0.9585152864456177, 0.960698664188385, 0.9628821015357971, 0.9563318490982056, 0.9694322943687439, 0.971615731716156, 0.960698664188385, 0.9650654792785645, 0.9737991094589233, 0.9781659245491028, 0.9650654792785645, 0.9868995547294617, 0.9694322943687439, 0.9847161769866943, 0.971615731716156, 0.9672489166259766, 0.9759825468063354, 0.9803493618965149, 0.9759825468063354, 0.9672489166259766, 0.9759825468063354, 0.9737991094589233, 0.9890829920768738, 0.9737991094589233, 0.971615731716156, 0.9825327396392822, 0.9847161769866943, 0.9825327396392822, 0.9847161769866943, 0.9847161769866943, 0.9890829920768738, 0.9890829920768738, 0.9803493618965149, 0.9890829920768738, 0.9847161769866943, 0.9825327396392822, 0.9847161769866943, 0.9803493618965149, 0.971615731716156, 0.9803493618965149, 0.9650654792785645, 0.9759825468063354, 0.9781659245491028, 0.9868995547294617, 0.9825327396392822, 0.9868995547294617, 0.9868995547294617, 0.9868995547294617, 0.9868995547294617, 0.9890829920768738, 0.9868995547294617, 0.9847161769866943, 0.9890829920768738, 0.9890829920768738, 0.9847161769866943, 0.9868995547294617, 0.9890829920768738, 0.9934498071670532, 0.9912663698196411, 0.9912663698196411, 0.9847161769866943, 0.9912663698196411, 0.9868995547294617, 0.9890829920768738, 0.9847161769866943, 0.9868995547294617, 0.9890829920768738]}